date,forecast_best,product_name
2024-12-29,7465.21533203125,Adidas Originals Hoodie
2024-12-30,7949.39794921875,Adidas Originals Hoodie
2024-12-31,8209.8623046875,Adidas Originals Hoodie
2025-01-01,7880.67333984375,Adidas Originals Hoodie
2025-01-02,7934.779296875,Adidas Originals Hoodie
2025-01-03,7752.2021484375,Adidas Originals Hoodie
2025-01-04,7798.7587890625,Adidas Originals Hoodie
2025-01-05,7815.29150390625,Adidas Originals Hoodie
2025-01-06,7817.501953125,Adidas Originals Hoodie
2025-01-07,7816.45751953125,Adidas Originals Hoodie
2025-01-08,7814.06982421875,Adidas Originals Hoodie
2025-01-09,7813.37890625,Adidas Originals Hoodie
2025-01-10,7812.63427734375,Adidas Originals Hoodie
2025-01-11,7813.06884765625,Adidas Originals Hoodie
2025-01-12,7813.1650390625,Adidas Originals Hoodie
2025-01-13,7813.14697265625,Adidas Originals Hoodie
2025-01-14,7813.11279296875,Adidas Originals Hoodie
2025-01-15,7813.08935546875,Adidas Originals Hoodie
2025-01-16,7813.08154296875,Adidas Originals Hoodie
2025-01-17,7813.08154296875,Adidas Originals Hoodie
2025-01-18,7813.08447265625,Adidas Originals Hoodie
2025-01-19,7813.08447265625,Adidas Originals Hoodie
2025-01-20,7813.08447265625,Adidas Originals Hoodie
2025-01-21,7813.0830078125,Adidas Originals Hoodie
2025-01-22,7813.0830078125,Adidas Originals Hoodie
2025-01-23,7813.08154296875,Adidas Originals Hoodie
2025-01-24,7813.0830078125,Adidas Originals Hoodie
2025-01-25,7813.0830078125,Adidas Originals Hoodie
2025-01-26,7813.08154296875,Adidas Originals Hoodie
2025-01-27,7813.0830078125,Adidas Originals Hoodie
2024-12-31,7907.82666015625,Adidas Ultraboost 23
2025-01-01,7806.205078125,Adidas Ultraboost 23
2025-01-02,7724.96435546875,Adidas Ultraboost 23
2025-01-03,7654.87890625,Adidas Ultraboost 23
2025-01-04,7604.70849609375,Adidas Ultraboost 23
2025-01-05,7573.76025390625,Adidas Ultraboost 23
2025-01-06,7546.416015625,Adidas Ultraboost 23
2025-01-07,7548.7529296875,Adidas Ultraboost 23
2025-01-08,7552.38818359375,Adidas Ultraboost 23
2025-01-09,7554.607421875,Adidas Ultraboost 23
2025-01-10,7555.8935546875,Adidas Ultraboost 23
2025-01-11,7556.52880859375,Adidas Ultraboost 23
2025-01-12,7556.7724609375,Adidas Ultraboost 23
2025-01-13,7556.81005859375,Adidas Ultraboost 23
2025-01-14,7556.7138671875,Adidas Ultraboost 23
2025-01-15,7556.6513671875,Adidas Ultraboost 23
2025-01-16,7556.6220703125,Adidas Ultraboost 23
2025-01-17,7556.60986328125,Adidas Ultraboost 23
2025-01-18,7556.60693359375,Adidas Ultraboost 23
2025-01-19,7556.60791015625,Adidas Ultraboost 23
2025-01-20,7556.60986328125,Adidas Ultraboost 23
2025-01-21,7556.61181640625,Adidas Ultraboost 23
2025-01-22,7556.61181640625,Adidas Ultraboost 23
2025-01-23,7556.61181640625,Adidas Ultraboost 23
2025-01-24,7556.61181640625,Adidas Ultraboost 23
2025-01-25,7556.61181640625,Adidas Ultraboost 23
2025-01-26,7556.61181640625,Adidas Ultraboost 23
2025-01-27,7556.61181640625,Adidas Ultraboost 23
2025-01-28,7556.61181640625,Adidas Ultraboost 23
2025-01-29,7556.61181640625,Adidas Ultraboost 23
2024-12-27,19611.138671875,Apple Watch Series 9
2024-12-28,19462.994140625,Apple Watch Series 9
2024-12-29,19531.953125,Apple Watch Series 9
2024-12-30,19449.826171875,Apple Watch Series 9
2024-12-31,19397.03515625,Apple Watch Series 9
2025-01-01,19470.837890625,Apple Watch Series 9
2025-01-02,19432.701171875,Apple Watch Series 9
2025-01-03,19433.87109375,Apple Watch Series 9
2025-01-04,19435.43359375,Apple Watch Series 9
2025-01-05,19436.07421875,Apple Watch Series 9
2025-01-06,19436.484375,Apple Watch Series 9
2025-01-07,19436.546875,Apple Watch Series 9
2025-01-08,19436.384765625,Apple Watch Series 9
2025-01-09,19436.568359375,Apple Watch Series 9
2025-01-10,19436.5234375,Apple Watch Series 9
2025-01-11,19436.505859375,Apple Watch Series 9
2025-01-12,19436.498046875,Apple Watch Series 9
2025-01-13,19436.494140625,Apple Watch Series 9
2025-01-14,19436.494140625,Apple Watch Series 9
2025-01-15,19436.498046875,Apple Watch Series 9
2025-01-16,19436.494140625,Apple Watch Series 9
2025-01-17,19436.498046875,Apple Watch Series 9
2025-01-18,19436.498046875,Apple Watch Series 9
2025-01-19,19436.498046875,Apple Watch Series 9
2025-01-20,19436.498046875,Apple Watch Series 9
2025-01-21,19436.498046875,Apple Watch Series 9
2025-01-22,19436.498046875,Apple Watch Series 9
2025-01-23,19436.498046875,Apple Watch Series 9
2025-01-24,19436.498046875,Apple Watch Series 9
2025-01-25,19436.498046875,Apple Watch Series 9
2025-01-01,15817.6962890625,Apple iPhone 14 Pro
2025-01-02,16251.6171875,Apple iPhone 14 Pro
2025-01-03,16337.296875,Apple iPhone 14 Pro
2025-01-04,17358.126953125,Apple iPhone 14 Pro
2025-01-05,17382.599609375,Apple iPhone 14 Pro
2025-01-06,17390.48828125,Apple iPhone 14 Pro
2025-01-07,17877.75390625,Apple iPhone 14 Pro
2025-01-08,17859.603515625,Apple iPhone 14 Pro
2025-01-09,17843.734375,Apple iPhone 14 Pro
2025-01-10,17831.205078125,Apple iPhone 14 Pro
2025-01-11,17815.90625,Apple iPhone 14 Pro
2025-01-12,17811.845703125,Apple iPhone 14 Pro
2025-01-13,17807.875,Apple iPhone 14 Pro
2025-01-14,17803.197265625,Apple iPhone 14 Pro
2025-01-15,17803.845703125,Apple iPhone 14 Pro
2025-01-16,17804.353515625,Apple iPhone 14 Pro
2025-01-17,17804.740234375,Apple iPhone 14 Pro
2025-01-18,17804.99609375,Apple iPhone 14 Pro
2025-01-19,17805.107421875,Apple iPhone 14 Pro
2025-01-20,17805.18359375,Apple iPhone 14 Pro
2025-01-21,17805.212890625,Apple iPhone 14 Pro
2025-01-22,17805.197265625,Apple iPhone 14 Pro
2025-01-23,17805.181640625,Apple iPhone 14 Pro
2025-01-24,17805.173828125,Apple iPhone 14 Pro
2025-01-25,17805.169921875,Apple iPhone 14 Pro
2025-01-26,17805.16796875,Apple iPhone 14 Pro
2025-01-27,17805.166015625,Apple iPhone 14 Pro
2025-01-28,17805.166015625,Apple iPhone 14 Pro
2025-01-29,17805.166015625,Apple iPhone 14 Pro
2025-01-30,17805.166015625,Apple iPhone 14 Pro
2024-12-29,6094.39794921875,Ashley Recliner Sofa
2024-12-30,6179.65625,Ashley Recliner Sofa
2024-12-31,6216.8603515625,Ashley Recliner Sofa
2025-01-01,6275.53759765625,Ashley Recliner Sofa
2025-01-02,6321.677734375,Ashley Recliner Sofa
2025-01-03,6346.99951171875,Ashley Recliner Sofa
2025-01-04,6375.263671875,Ashley Recliner Sofa
2025-01-05,6388.70849609375,Ashley Recliner Sofa
2025-01-06,6391.28515625,Ashley Recliner Sofa
2025-01-07,6392.96435546875,Ashley Recliner Sofa
2025-01-08,6394.11181640625,Ashley Recliner Sofa
2025-01-09,6394.822265625,Ashley Recliner Sofa
2025-01-10,6395.22119140625,Ashley Recliner Sofa
2025-01-11,6395.4501953125,Ashley Recliner Sofa
2025-01-12,6395.5537109375,Ashley Recliner Sofa
2025-01-13,6395.59814453125,Ashley Recliner Sofa
2025-01-14,6395.6240234375,Ashley Recliner Sofa
2025-01-15,6395.6396484375,Ashley Recliner Sofa
2025-01-16,6395.6474609375,Ashley Recliner Sofa
2025-01-17,6395.6513671875,Ashley Recliner Sofa
2025-01-18,6395.654296875,Ashley Recliner Sofa
2025-01-19,6395.65625,Ashley Recliner Sofa
2025-01-20,6395.65673828125,Ashley Recliner Sofa
2025-01-21,6395.65625,Ashley Recliner Sofa
2025-01-22,6395.65673828125,Ashley Recliner Sofa
2025-01-23,6395.65673828125,Ashley Recliner Sofa
2025-01-24,6395.65673828125,Ashley Recliner Sofa
2025-01-25,6395.65673828125,Ashley Recliner Sofa
2025-01-26,6395.65673828125,Ashley Recliner Sofa
2025-01-27,6395.65673828125,Ashley Recliner Sofa
2024-12-27,10193.4423828125,Barbie Dreamhouse
2024-12-28,9974.5859375,Barbie Dreamhouse
2024-12-29,10000.7734375,Barbie Dreamhouse
2024-12-30,10126.400390625,Barbie Dreamhouse
2024-12-31,10048.8349609375,Barbie Dreamhouse
2025-01-01,10136.10546875,Barbie Dreamhouse
2025-01-02,10122.1298828125,Barbie Dreamhouse
2025-01-03,10248.162109375,Barbie Dreamhouse
2025-01-04,10251.2236328125,Barbie Dreamhouse
2025-01-05,10257.072265625,Barbie Dreamhouse
2025-01-06,10262.3212890625,Barbie Dreamhouse
2025-01-07,10265.470703125,Barbie Dreamhouse
2025-01-08,10269.4013671875,Barbie Dreamhouse
2025-01-09,10271.744140625,Barbie Dreamhouse
2025-01-10,10274.0908203125,Barbie Dreamhouse
2025-01-11,10274.6201171875,Barbie Dreamhouse
2025-01-12,10275.0693359375,Barbie Dreamhouse
2025-01-13,10275.4072265625,Barbie Dreamhouse
2025-01-14,10275.646484375,Barbie Dreamhouse
2025-01-15,10275.8251953125,Barbie Dreamhouse
2025-01-16,10275.9375,Barbie Dreamhouse
2025-01-17,10276.0087890625,Barbie Dreamhouse
2025-01-18,10276.0439453125,Barbie Dreamhouse
2025-01-19,10276.0712890625,Barbie Dreamhouse
2025-01-20,10276.0908203125,Barbie Dreamhouse
2025-01-21,10276.1025390625,Barbie Dreamhouse
2025-01-22,10276.1103515625,Barbie Dreamhouse
2025-01-23,10276.115234375,Barbie Dreamhouse
2025-01-24,10276.1181640625,Barbie Dreamhouse
2025-01-25,10276.1201171875,Barbie Dreamhouse
2024-12-31,4179.38037109375,Barilla Spaghetti Pasta
2025-01-01,4157.91259765625,Barilla Spaghetti Pasta
2025-01-02,4145.61767578125,Barilla Spaghetti Pasta
2025-01-03,4140.08544921875,Barilla Spaghetti Pasta
2025-01-04,4134.8408203125,Barilla Spaghetti Pasta
2025-01-05,4132.3896484375,Barilla Spaghetti Pasta
2025-01-06,4132.00830078125,Barilla Spaghetti Pasta
2025-01-07,4134.78515625,Barilla Spaghetti Pasta
2025-01-08,4134.8916015625,Barilla Spaghetti Pasta
2025-01-09,4134.92626953125,Barilla Spaghetti Pasta
2025-01-10,4134.93359375,Barilla Spaghetti Pasta
2025-01-11,4134.931640625,Barilla Spaghetti Pasta
2025-01-12,4134.923828125,Barilla Spaghetti Pasta
2025-01-13,4134.91650390625,Barilla Spaghetti Pasta
2025-01-14,4134.9111328125,Barilla Spaghetti Pasta
2025-01-15,4134.9111328125,Barilla Spaghetti Pasta
2025-01-16,4134.9111328125,Barilla Spaghetti Pasta
2025-01-17,4134.9111328125,Barilla Spaghetti Pasta
2025-01-18,4134.91162109375,Barilla Spaghetti Pasta
2025-01-19,4134.91162109375,Barilla Spaghetti Pasta
2025-01-20,4134.91162109375,Barilla Spaghetti Pasta
2025-01-21,4134.91162109375,Barilla Spaghetti Pasta
2025-01-22,4134.91162109375,Barilla Spaghetti Pasta
2025-01-23,4134.91162109375,Barilla Spaghetti Pasta
2025-01-24,4134.91162109375,Barilla Spaghetti Pasta
2025-01-25,4134.91162109375,Barilla Spaghetti Pasta
2025-01-26,4134.91162109375,Barilla Spaghetti Pasta
2025-01-27,4134.91162109375,Barilla Spaghetti Pasta
2025-01-28,4134.91162109375,Barilla Spaghetti Pasta
2025-01-29,4134.91162109375,Barilla Spaghetti Pasta
2024-12-23,6512.8837890625,Coca-Cola Zero
2024-12-24,6444.12890625,Coca-Cola Zero
2024-12-25,6368.63037109375,Coca-Cola Zero
2024-12-26,6381.880859375,Coca-Cola Zero
2024-12-27,6405.10693359375,Coca-Cola Zero
2024-12-28,6435.31103515625,Coca-Cola Zero
2024-12-29,6456.3837890625,Coca-Cola Zero
2024-12-30,6469.03076171875,Coca-Cola Zero
2024-12-31,6468.46728515625,Coca-Cola Zero
2025-01-01,6468.51513671875,Coca-Cola Zero
2025-01-02,6468.97216796875,Coca-Cola Zero
2025-01-03,6469.36181640625,Coca-Cola Zero
2025-01-04,6469.63427734375,Coca-Cola Zero
2025-01-05,6469.771484375,Coca-Cola Zero
2025-01-06,6469.82080078125,Coca-Cola Zero
2025-01-07,6469.8232421875,Coca-Cola Zero
2025-01-08,6469.8291015625,Coca-Cola Zero
2025-01-09,6469.8349609375,Coca-Cola Zero
2025-01-10,6469.83837890625,Coca-Cola Zero
2025-01-11,6469.83984375,Coca-Cola Zero
2025-01-12,6469.8408203125,Coca-Cola Zero
2025-01-13,6469.84130859375,Coca-Cola Zero
2025-01-14,6469.8408203125,Coca-Cola Zero
2025-01-15,6469.8408203125,Coca-Cola Zero
2025-01-16,6469.84228515625,Coca-Cola Zero
2025-01-17,6469.84228515625,Coca-Cola Zero
2025-01-18,6469.84228515625,Coca-Cola Zero
2025-01-19,6469.84228515625,Coca-Cola Zero
2025-01-20,6469.84228515625,Coca-Cola Zero
2025-01-21,6469.84228515625,Coca-Cola Zero
2025-01-01,16613.810546875,Dell XPS 13 Laptop
2025-01-02,17233.193359375,Dell XPS 13 Laptop
2025-01-03,17512.23828125,Dell XPS 13 Laptop
2025-01-04,17663.29296875,Dell XPS 13 Laptop
2025-01-05,17735.0859375,Dell XPS 13 Laptop
2025-01-06,17777.892578125,Dell XPS 13 Laptop
2025-01-07,17767.240234375,Dell XPS 13 Laptop
2025-01-08,17475.298828125,Dell XPS 13 Laptop
2025-01-09,17483.427734375,Dell XPS 13 Laptop
2025-01-10,17488.44921875,Dell XPS 13 Laptop
2025-01-11,17491.72265625,Dell XPS 13 Laptop
2025-01-12,17493.38671875,Dell XPS 13 Laptop
2025-01-13,17493.986328125,Dell XPS 13 Laptop
2025-01-14,17494.33984375,Dell XPS 13 Laptop
2025-01-15,17494.50390625,Dell XPS 13 Laptop
2025-01-16,17494.447265625,Dell XPS 13 Laptop
2025-01-17,17494.421875,Dell XPS 13 Laptop
2025-01-18,17494.41015625,Dell XPS 13 Laptop
2025-01-19,17494.41015625,Dell XPS 13 Laptop
2025-01-20,17494.408203125,Dell XPS 13 Laptop
2025-01-21,17494.408203125,Dell XPS 13 Laptop
2025-01-22,17494.41015625,Dell XPS 13 Laptop
2025-01-23,17494.408203125,Dell XPS 13 Laptop
2025-01-24,17494.408203125,Dell XPS 13 Laptop
2025-01-25,17494.408203125,Dell XPS 13 Laptop
2025-01-26,17494.408203125,Dell XPS 13 Laptop
2025-01-27,17494.408203125,Dell XPS 13 Laptop
2025-01-28,17494.408203125,Dell XPS 13 Laptop
2025-01-29,17494.408203125,Dell XPS 13 Laptop
2025-01-30,17494.408203125,Dell XPS 13 Laptop
2024-12-30,2819.929443359375,Fanta Orange
2024-12-31,2838.124755859375,Fanta Orange
2025-01-01,2867.42724609375,Fanta Orange
2025-01-02,2864.342041015625,Fanta Orange
2025-01-03,2883.875732421875,Fanta Orange
2025-01-04,2900.185791015625,Fanta Orange
2025-01-05,2907.682861328125,Fanta Orange
2025-01-06,2919.8427734375,Fanta Orange
2025-01-07,2921.230224609375,Fanta Orange
2025-01-08,2922.195556640625,Fanta Orange
2025-01-09,2922.818359375,Fanta Orange
2025-01-10,2923.28173828125,Fanta Orange
2025-01-11,2923.56396484375,Fanta Orange
2025-01-12,2923.7236328125,Fanta Orange
2025-01-13,2923.81884765625,Fanta Orange
2025-01-14,2923.853759765625,Fanta Orange
2025-01-15,2923.87548828125,Fanta Orange
2025-01-16,2923.888427734375,Fanta Orange
2025-01-17,2923.896484375,Fanta Orange
2025-01-18,2923.900634765625,Fanta Orange
2025-01-19,2923.90283203125,Fanta Orange
2025-01-20,2923.904052734375,Fanta Orange
2025-01-21,2923.905029296875,Fanta Orange
2025-01-22,2923.9052734375,Fanta Orange
2025-01-23,2923.905517578125,Fanta Orange
2025-01-24,2923.905517578125,Fanta Orange
2025-01-25,2923.90576171875,Fanta Orange
2025-01-26,2923.90576171875,Fanta Orange
2025-01-27,2923.90576171875,Fanta Orange
2025-01-28,2923.90576171875,Fanta Orange
2025-01-01,7037.67919921875,Fenty Beauty Gloss Bomb
2025-01-02,6891.2275390625,Fenty Beauty Gloss Bomb
2025-01-03,6824.076171875,Fenty Beauty Gloss Bomb
2025-01-04,6805.634765625,Fenty Beauty Gloss Bomb
2025-01-05,6811.85791015625,Fenty Beauty Gloss Bomb
2025-01-06,6679.46337890625,Fenty Beauty Gloss Bomb
2025-01-07,6704.0595703125,Fenty Beauty Gloss Bomb
2025-01-08,6734.716796875,Fenty Beauty Gloss Bomb
2025-01-09,6733.35302734375,Fenty Beauty Gloss Bomb
2025-01-10,6732.5009765625,Fenty Beauty Gloss Bomb
2025-01-11,6731.943359375,Fenty Beauty Gloss Bomb
2025-01-12,6731.5068359375,Fenty Beauty Gloss Bomb
2025-01-13,6731.0927734375,Fenty Beauty Gloss Bomb
2025-01-14,6731.33056640625,Fenty Beauty Gloss Bomb
2025-01-15,6731.46240234375,Fenty Beauty Gloss Bomb
2025-01-16,6731.447265625,Fenty Beauty Gloss Bomb
2025-01-17,6731.4375,Fenty Beauty Gloss Bomb
2025-01-18,6731.4326171875,Fenty Beauty Gloss Bomb
2025-01-19,6731.4296875,Fenty Beauty Gloss Bomb
2025-01-20,6731.4287109375,Fenty Beauty Gloss Bomb
2025-01-21,6731.43115234375,Fenty Beauty Gloss Bomb
2025-01-22,6731.43115234375,Fenty Beauty Gloss Bomb
2025-01-23,6731.43115234375,Fenty Beauty Gloss Bomb
2025-01-24,6731.43115234375,Fenty Beauty Gloss Bomb
2025-01-25,6731.43115234375,Fenty Beauty Gloss Bomb
2025-01-26,6731.43115234375,Fenty Beauty Gloss Bomb
2025-01-27,6731.43115234375,Fenty Beauty Gloss Bomb
2025-01-28,6731.43115234375,Fenty Beauty Gloss Bomb
2025-01-29,6731.43115234375,Fenty Beauty Gloss Bomb
2025-01-30,6731.43115234375,Fenty Beauty Gloss Bomb
2024-12-27,396.23947672319446,Herman Miller Office Chair
2024-12-28,3891.308875507998,Herman Miller Office Chair
2024-12-29,4445.2481293552555,Herman Miller Office Chair
2024-12-30,8582.514411752425,Herman Miller Office Chair
2024-12-31,7266.5082665636655,Herman Miller Office Chair
2025-01-01,-2318.064094625355,Herman Miller Office Chair
2025-01-02,-8632.820522590788,Herman Miller Office Chair
2025-01-03,-474.43339616953745,Herman Miller Office Chair
2025-01-04,4016.101220164911,Herman Miller Office Chair
2025-01-05,5489.811389044208,Herman Miller Office Chair
2025-01-06,10452.76932054659,Herman Miller Office Chair
2025-01-07,9853.399553130279,Herman Miller Office Chair
2025-01-08,865.1544535394951,Herman Miller Office Chair
2025-01-09,-4980.9192752146955,Herman Miller Office Chair
2025-01-10,3515.164136460862,Herman Miller Office Chair
2025-01-11,8213.014085982737,Herman Miller Office Chair
2025-01-12,9768.046859558268,Herman Miller Office Chair
2025-01-13,14694.229556904855,Herman Miller Office Chair
2025-01-14,13951.010665477967,Herman Miller Office Chair
2025-01-15,4725.52946173089,Herman Miller Office Chair
2025-01-16,-1435.3564689825507,Herman Miller Office Chair
2025-01-17,6685.679324592906,Herman Miller Office Chair
2025-01-18,10966.48662675745,Herman Miller Office Chair
2025-01-19,12080.976036831,Herman Miller Office Chair
2025-01-20,16561.222022220256,Herman Miller Office Chair
2025-01-21,15383.777850291603,Herman Miller Office Chair
2025-01-22,5751.314011530893,Herman Miller Office Chair
2025-01-23,-775.8626160718759,Herman Miller Office Chair
2025-01-24,7030.5119921801,Herman Miller Office Chair
2025-01-25,11056.375663725868,Herman Miller Office Chair
2024-12-31,6680.29638671875,Hot Wheels Track Builder
2025-01-01,6671.810546875,Hot Wheels Track Builder
2025-01-02,6700.162109375,Hot Wheels Track Builder
2025-01-03,6759.349609375,Hot Wheels Track Builder
2025-01-04,6843.828125,Hot Wheels Track Builder
2025-01-05,7089.67919921875,Hot Wheels Track Builder
2025-01-06,7102.31201171875,Hot Wheels Track Builder
2025-01-07,7188.01025390625,Hot Wheels Track Builder
2025-01-08,7168.63134765625,Hot Wheels Track Builder
2025-01-09,7154.080078125,Hot Wheels Track Builder
2025-01-10,7143.982421875,Hot Wheels Track Builder
2025-01-11,7137.6982421875,Hot Wheels Track Builder
2025-01-12,7134.54443359375,Hot Wheels Track Builder
2025-01-13,7134.59033203125,Hot Wheels Track Builder
2025-01-14,7134.98779296875,Hot Wheels Track Builder
2025-01-15,7136.0302734375,Hot Wheels Track Builder
2025-01-16,7136.5673828125,Hot Wheels Track Builder
2025-01-17,7136.7861328125,Hot Wheels Track Builder
2025-01-18,7136.82861328125,Hot Wheels Track Builder
2025-01-19,7136.7880859375,Hot Wheels Track Builder
2025-01-20,7136.7314453125,Hot Wheels Track Builder
2025-01-21,7136.689453125,Hot Wheels Track Builder
2025-01-22,7136.66796875,Hot Wheels Track Builder
2025-01-23,7136.66162109375,Hot Wheels Track Builder
2025-01-24,7136.6650390625,Hot Wheels Track Builder
2025-01-25,7136.66845703125,Hot Wheels Track Builder
2025-01-26,7136.67138671875,Hot Wheels Track Builder
2025-01-27,7136.673828125,Hot Wheels Track Builder
2025-01-28,7136.6748046875,Hot Wheels Track Builder
2025-01-29,7136.6748046875,Hot Wheels Track Builder
2025-01-01,8088.4814453125,Huda Beauty Eyeshadow Palette
2025-01-02,8045.93017578125,Huda Beauty Eyeshadow Palette
2025-01-03,8049.955078125,Huda Beauty Eyeshadow Palette
2025-01-04,8004.95654296875,Huda Beauty Eyeshadow Palette
2025-01-05,8030.4052734375,Huda Beauty Eyeshadow Palette
2025-01-06,8061.38330078125,Huda Beauty Eyeshadow Palette
2025-01-07,8082.76123046875,Huda Beauty Eyeshadow Palette
2025-01-08,8113.6181640625,Huda Beauty Eyeshadow Palette
2025-01-09,8112.20849609375,Huda Beauty Eyeshadow Palette
2025-01-10,8111.64306640625,Huda Beauty Eyeshadow Palette
2025-01-11,8111.46142578125,Huda Beauty Eyeshadow Palette
2025-01-12,8111.65087890625,Huda Beauty Eyeshadow Palette
2025-01-13,8111.85791015625,Huda Beauty Eyeshadow Palette
2025-01-14,8112.00390625,Huda Beauty Eyeshadow Palette
2025-01-15,8112.0927734375,Huda Beauty Eyeshadow Palette
2025-01-16,8112.08203125,Huda Beauty Eyeshadow Palette
2025-01-17,8112.0771484375,Huda Beauty Eyeshadow Palette
2025-01-18,8112.078125,Huda Beauty Eyeshadow Palette
2025-01-19,8112.078125,Huda Beauty Eyeshadow Palette
2025-01-20,8112.07958984375,Huda Beauty Eyeshadow Palette
2025-01-21,8112.0810546875,Huda Beauty Eyeshadow Palette
2025-01-22,8112.0810546875,Huda Beauty Eyeshadow Palette
2025-01-23,8112.0810546875,Huda Beauty Eyeshadow Palette
2025-01-24,8112.0810546875,Huda Beauty Eyeshadow Palette
2025-01-25,8112.0810546875,Huda Beauty Eyeshadow Palette
2025-01-26,8112.0810546875,Huda Beauty Eyeshadow Palette
2025-01-27,8112.0810546875,Huda Beauty Eyeshadow Palette
2025-01-28,8112.0810546875,Huda Beauty Eyeshadow Palette
2025-01-29,8112.0810546875,Huda Beauty Eyeshadow Palette
2025-01-30,8112.0810546875,Huda Beauty Eyeshadow Palette
2024-12-20,7805.77880859375,IKEA MALM Bed Frame
2024-12-21,8035.53466796875,IKEA MALM Bed Frame
2024-12-22,8236.734375,IKEA MALM Bed Frame
2024-12-23,8400.63671875,IKEA MALM Bed Frame
2024-12-24,9108.4384765625,IKEA MALM Bed Frame
2024-12-25,9096.505859375,IKEA MALM Bed Frame
2024-12-26,9093.8154296875,IKEA MALM Bed Frame
2024-12-27,9095.6689453125,IKEA MALM Bed Frame
2024-12-28,9094.767578125,IKEA MALM Bed Frame
2024-12-29,9094.734375,IKEA MALM Bed Frame
2024-12-30,9095.0625,IKEA MALM Bed Frame
2024-12-31,9095.421875,IKEA MALM Bed Frame
2025-01-01,9095.412109375,IKEA MALM Bed Frame
2025-01-02,9095.4072265625,IKEA MALM Bed Frame
2025-01-03,9095.40625,IKEA MALM Bed Frame
2025-01-04,9095.40625,IKEA MALM Bed Frame
2025-01-05,9095.404296875,IKEA MALM Bed Frame
2025-01-06,9095.40625,IKEA MALM Bed Frame
2025-01-07,9095.40625,IKEA MALM Bed Frame
2025-01-08,9095.4052734375,IKEA MALM Bed Frame
2025-01-09,9095.4052734375,IKEA MALM Bed Frame
2025-01-10,9095.4052734375,IKEA MALM Bed Frame
2025-01-11,9095.4052734375,IKEA MALM Bed Frame
2025-01-12,9095.4052734375,IKEA MALM Bed Frame
2025-01-13,9095.4052734375,IKEA MALM Bed Frame
2025-01-14,9095.4052734375,IKEA MALM Bed Frame
2025-01-15,9095.4052734375,IKEA MALM Bed Frame
2025-01-16,9095.4052734375,IKEA MALM Bed Frame
2025-01-17,9095.4052734375,IKEA MALM Bed Frame
2025-01-18,9095.4052734375,IKEA MALM Bed Frame
2025-01-01,6221.26929774735,Kellogg’s Corn Flakes
2025-01-02,2401.0766752237605,Kellogg’s Corn Flakes
2025-01-03,3024.429718769426,Kellogg’s Corn Flakes
2025-01-04,413.74211888714717,Kellogg’s Corn Flakes
2025-01-05,2623.4192419251626,Kellogg’s Corn Flakes
2025-01-06,-966.4708872188467,Kellogg’s Corn Flakes
2025-01-07,2305.8713465703577,Kellogg’s Corn Flakes
2025-01-08,6020.373050454715,Kellogg’s Corn Flakes
2025-01-09,2320.2620632671933,Kellogg’s Corn Flakes
2025-01-10,3064.419006756563,Kellogg’s Corn Flakes
2025-01-11,570.6181844617377,Kellogg’s Corn Flakes
2025-01-12,2888.7109747239338,Kellogg’s Corn Flakes
2025-01-13,-605.5525044011415,Kellogg’s Corn Flakes
2025-01-14,2745.690040062106,Kellogg’s Corn Flakes
2025-01-15,6518.942739845183,Kellogg’s Corn Flakes
2025-01-16,2854.643555347202,Kellogg’s Corn Flakes
2025-01-17,3609.616219159782,Kellogg’s Corn Flakes
2025-01-18,1100.3888701109572,Kellogg’s Corn Flakes
2025-01-19,3376.4303757948824,Kellogg’s Corn Flakes
2025-01-20,-186.00178858270147,Kellogg’s Corn Flakes
2025-01-21,3072.350285906532,Kellogg’s Corn Flakes
2025-01-22,6730.244910843343,Kellogg’s Corn Flakes
2025-01-23,2931.1756067412307,Kellogg’s Corn Flakes
2025-01-24,3535.7398210438896,Kellogg’s Corn Flakes
2025-01-25,864.8505568708679,Kellogg’s Corn Flakes
2025-01-26,2972.8449252801897,Kellogg’s Corn Flakes
2025-01-27,-758.8128263345593,Kellogg’s Corn Flakes
2025-01-28,2334.5228303357235,Kellogg’s Corn Flakes
2025-01-29,5837.012850993139,Kellogg’s Corn Flakes
2025-01-30,1897.399455236949,Kellogg’s Corn Flakes
2024-12-28,5238.09130859375,LEGO Star Wars Set
2024-12-29,5257.09912109375,LEGO Star Wars Set
2024-12-30,5284.1904296875,LEGO Star Wars Set
2024-12-31,5355.74267578125,LEGO Star Wars Set
2025-01-01,5368.6728515625,LEGO Star Wars Set
2025-01-02,5449.79052734375,LEGO Star Wars Set
2025-01-03,5468.337890625,LEGO Star Wars Set
2025-01-04,5469.70654296875,LEGO Star Wars Set
2025-01-05,5469.7744140625,LEGO Star Wars Set
2025-01-06,5469.7138671875,LEGO Star Wars Set
2025-01-07,5469.599609375,LEGO Star Wars Set
2025-01-08,5469.513671875,LEGO Star Wars Set
2025-01-09,5469.42529296875,LEGO Star Wars Set
2025-01-10,5469.40673828125,LEGO Star Wars Set
2025-01-11,5469.4052734375,LEGO Star Wars Set
2025-01-12,5469.4052734375,LEGO Star Wars Set
2025-01-13,5469.40576171875,LEGO Star Wars Set
2025-01-14,5469.40625,LEGO Star Wars Set
2025-01-15,5469.40625,LEGO Star Wars Set
2025-01-16,5469.40625,LEGO Star Wars Set
2025-01-17,5469.40625,LEGO Star Wars Set
2025-01-18,5469.40625,LEGO Star Wars Set
2025-01-19,5469.40625,LEGO Star Wars Set
2025-01-20,5469.40625,LEGO Star Wars Set
2025-01-21,5469.40576171875,LEGO Star Wars Set
2025-01-22,5469.40576171875,LEGO Star Wars Set
2025-01-23,5469.40625,LEGO Star Wars Set
2025-01-24,5469.40625,LEGO Star Wars Set
2025-01-25,5469.40625,LEGO Star Wars Set
2025-01-26,5469.40625,LEGO Star Wars Set
2024-12-30,18629.11249221682,LG 55-inch Smart TV
2024-12-31,23582.928617331378,LG 55-inch Smart TV
2025-01-01,27782.618028623085,LG 55-inch Smart TV
2025-01-02,24653.192338285597,LG 55-inch Smart TV
2025-01-03,23009.21445609348,LG 55-inch Smart TV
2025-01-04,23906.22956249339,LG 55-inch Smart TV
2025-01-05,28365.36994258559,LG 55-inch Smart TV
2025-01-06,18316.7584816827,LG 55-inch Smart TV
2025-01-07,23704.76231493069,LG 55-inch Smart TV
2025-01-08,28342.638054731397,LG 55-inch Smart TV
2025-01-09,25641.88315070397,LG 55-inch Smart TV
2025-01-10,24403.49815529655,LG 55-inch Smart TV
2025-01-11,25669.791992231098,LG 55-inch Smart TV
2025-01-12,30449.357485550634,LG 55-inch Smart TV
2025-01-13,20660.83195310091,LG 55-inch Smart TV
2025-01-14,26238.484620206393,LG 55-inch Smart TV
2025-01-15,30987.163067437876,LG 55-inch Smart TV
2025-01-16,28311.9048342676,LG 55-inch Smart TV
2025-01-17,27009.41152802454,LG 55-inch Smart TV
2025-01-18,28120.011330514528,LG 55-inch Smart TV
2025-01-19,32652.732349118385,LG 55-inch Smart TV
2025-01-20,22529.098340193366,LG 55-inch Smart TV
2025-01-21,27688.68692146962,LG 55-inch Smart TV
2025-01-22,31943.982540917124,LG 55-inch Smart TV
2025-01-23,28709.832084064095,LG 55-inch Smart TV
2025-01-24,26794.70390232038,LG 55-inch Smart TV
2025-01-25,27252.38118358709,LG 55-inch Smart TV
2025-01-26,31106.71861398787,LG 55-inch Smart TV
2025-01-27,20295.081673224573,LG 55-inch Smart TV
2025-01-28,24773.51760933017,LG 55-inch Smart TV
2024-12-28,3869.840087890625,Lay’s Classic Chips
2024-12-29,3892.723388671875,Lay’s Classic Chips
2024-12-30,3931.10595703125,Lay’s Classic Chips
2024-12-31,3973.964599609375,Lay’s Classic Chips
2025-01-01,4016.322509765625,Lay’s Classic Chips
2025-01-02,4055.78857421875,Lay’s Classic Chips
2025-01-03,4193.98388671875,Lay’s Classic Chips
2025-01-04,4194.2998046875,Lay’s Classic Chips
2025-01-05,4193.5859375,Lay’s Classic Chips
2025-01-06,4193.1474609375,Lay’s Classic Chips
2025-01-07,4192.62158203125,Lay’s Classic Chips
2025-01-08,4192.12841796875,Lay’s Classic Chips
2025-01-09,4191.76171875,Lay’s Classic Chips
2025-01-10,4191.6259765625,Lay’s Classic Chips
2025-01-11,4191.6337890625,Lay’s Classic Chips
2025-01-12,4191.6416015625,Lay’s Classic Chips
2025-01-13,4191.64697265625,Lay’s Classic Chips
2025-01-14,4191.650390625,Lay’s Classic Chips
2025-01-15,4191.65283203125,Lay’s Classic Chips
2025-01-16,4191.654296875,Lay’s Classic Chips
2025-01-17,4191.654296875,Lay’s Classic Chips
2025-01-18,4191.654296875,Lay’s Classic Chips
2025-01-19,4191.65380859375,Lay’s Classic Chips
2025-01-20,4191.65380859375,Lay’s Classic Chips
2025-01-21,4191.65380859375,Lay’s Classic Chips
2025-01-22,4191.65380859375,Lay’s Classic Chips
2025-01-23,4191.65380859375,Lay’s Classic Chips
2025-01-24,4191.65380859375,Lay’s Classic Chips
2025-01-25,4191.654296875,Lay’s Classic Chips
2025-01-26,4191.654296875,Lay’s Classic Chips
2024-12-31,8304.367209384678,Levi’s 511 Jeans
2025-01-01,10739.684311735802,Levi’s 511 Jeans
2025-01-02,27665.13305114834,Levi’s 511 Jeans
2025-01-03,6768.913712863851,Levi’s 511 Jeans
2025-01-04,18041.55981204961,Levi’s 511 Jeans
2025-01-05,9534.201584128756,Levi’s 511 Jeans
2025-01-06,6718.790850204677,Levi’s 511 Jeans
2025-01-07,8019.327981809009,Levi’s 511 Jeans
2025-01-08,10264.848535559815,Levi’s 511 Jeans
2025-01-09,27045.84942597644,Levi’s 511 Jeans
2025-01-10,6052.9900428524,Levi’s 511 Jeans
2025-01-11,17277.36681585826,Levi’s 511 Jeans
2025-01-12,8768.75116717882,Levi’s 511 Jeans
2025-01-13,5995.857061642339,Levi’s 511 Jeans
2025-01-14,7377.678570857407,Levi’s 511 Jeans
2025-01-15,9736.652494825657,Levi’s 511 Jeans
2025-01-16,26655.32119827537,Levi’s 511 Jeans
2025-01-17,5815.3242948523475,Levi’s 511 Jeans
2025-01-18,17198.009015471165,Levi’s 511 Jeans
2025-01-19,8843.038890950236,Levi’s 511 Jeans
2025-01-20,6209.055290143706,Levi’s 511 Jeans
2025-01-21,7705.419556030472,Levi’s 511 Jeans
2025-01-22,10145.777471495705,Levi’s 511 Jeans
2025-01-23,27105.107676073985,Levi’s 511 Jeans
2025-01-24,6259.069324233205,Levi’s 511 Jeans
2025-01-25,17584.926087858326,Levi’s 511 Jeans
2025-01-26,9120.414426202191,Levi’s 511 Jeans
2025-01-27,6324.6003645315495,Levi’s 511 Jeans
2025-01-28,7609.7439824206185,Levi’s 511 Jeans
2025-01-29,9794.906865534862,Levi’s 511 Jeans
2024-12-23,5259.60595703125,L’Oréal Paris Lipstick
2024-12-24,5083.283203125,L’Oréal Paris Lipstick
2024-12-25,4965.07568359375,L’Oréal Paris Lipstick
2024-12-26,4904.359375,L’Oréal Paris Lipstick
2024-12-27,4857.9599609375,L’Oréal Paris Lipstick
2024-12-28,4985.36328125,L’Oréal Paris Lipstick
2024-12-29,4984.3984375,L’Oréal Paris Lipstick
2024-12-30,4976.07470703125,L’Oréal Paris Lipstick
2024-12-31,4977.10009765625,L’Oréal Paris Lipstick
2025-01-01,4977.63720703125,L’Oréal Paris Lipstick
2025-01-02,4977.55908203125,L’Oréal Paris Lipstick
2025-01-03,4977.25,L’Oréal Paris Lipstick
2025-01-04,4976.92529296875,L’Oréal Paris Lipstick
2025-01-05,4976.92138671875,L’Oréal Paris Lipstick
2025-01-06,4976.93798828125,L’Oréal Paris Lipstick
2025-01-07,4976.93408203125,L’Oréal Paris Lipstick
2025-01-08,4976.9345703125,L’Oréal Paris Lipstick
2025-01-09,4976.93603515625,L’Oréal Paris Lipstick
2025-01-10,4976.93701171875,L’Oréal Paris Lipstick
2025-01-11,4976.93798828125,L’Oréal Paris Lipstick
2025-01-12,4976.9375,L’Oréal Paris Lipstick
2025-01-13,4976.93798828125,L’Oréal Paris Lipstick
2025-01-14,4976.93798828125,L’Oréal Paris Lipstick
2025-01-15,4976.93798828125,L’Oréal Paris Lipstick
2025-01-16,4976.93798828125,L’Oréal Paris Lipstick
2025-01-17,4976.93798828125,L’Oréal Paris Lipstick
2025-01-18,4976.93798828125,L’Oréal Paris Lipstick
2025-01-19,4976.93798828125,L’Oréal Paris Lipstick
2025-01-20,4976.93798828125,L’Oréal Paris Lipstick
2025-01-21,4976.93798828125,L’Oréal Paris Lipstick
2024-12-31,5944.81982421875,MAC Matte Lipstick
2025-01-01,5826.0029296875,MAC Matte Lipstick
2025-01-02,5740.78564453125,MAC Matte Lipstick
2025-01-03,5663.56103515625,MAC Matte Lipstick
2025-01-04,5617.06689453125,MAC Matte Lipstick
2025-01-05,5616.08740234375,MAC Matte Lipstick
2025-01-06,5563.2578125,MAC Matte Lipstick
2025-01-07,5521.296875,MAC Matte Lipstick
2025-01-08,5531.7744140625,MAC Matte Lipstick
2025-01-09,5537.9453125,MAC Matte Lipstick
2025-01-10,5541.74853515625,MAC Matte Lipstick
2025-01-11,5543.60107421875,MAC Matte Lipstick
2025-01-12,5544.3427734375,MAC Matte Lipstick
2025-01-13,5544.93701171875,MAC Matte Lipstick
2025-01-14,5544.91845703125,MAC Matte Lipstick
2025-01-15,5544.533203125,MAC Matte Lipstick
2025-01-16,5544.3525390625,MAC Matte Lipstick
2025-01-17,5544.27783203125,MAC Matte Lipstick
2025-01-18,5544.26220703125,MAC Matte Lipstick
2025-01-19,5544.2666015625,MAC Matte Lipstick
2025-01-20,5544.27587890625,MAC Matte Lipstick
2025-01-21,5544.28662109375,MAC Matte Lipstick
2025-01-22,5544.29443359375,MAC Matte Lipstick
2025-01-23,5544.29638671875,MAC Matte Lipstick
2025-01-24,5544.29638671875,MAC Matte Lipstick
2025-01-25,5544.29638671875,MAC Matte Lipstick
2025-01-26,5544.294921875,MAC Matte Lipstick
2025-01-27,5544.29443359375,MAC Matte Lipstick
2025-01-28,5544.29443359375,MAC Matte Lipstick
2025-01-29,5544.29443359375,MAC Matte Lipstick
2024-12-29,6964.556640625,Maybelline Fit Me Foundation
2024-12-30,7015.7080078125,Maybelline Fit Me Foundation
2024-12-31,7024.43701171875,Maybelline Fit Me Foundation
2025-01-01,7038.6328125,Maybelline Fit Me Foundation
2025-01-02,7060.25048828125,Maybelline Fit Me Foundation
2025-01-03,7078.2119140625,Maybelline Fit Me Foundation
2025-01-04,7089.619140625,Maybelline Fit Me Foundation
2025-01-05,7102.12060546875,Maybelline Fit Me Foundation
2025-01-06,7102.5234375,Maybelline Fit Me Foundation
2025-01-07,7102.69482421875,Maybelline Fit Me Foundation
2025-01-08,7102.82373046875,Maybelline Fit Me Foundation
2025-01-09,7102.86572265625,Maybelline Fit Me Foundation
2025-01-10,7102.89111328125,Maybelline Fit Me Foundation
2025-01-11,7102.91064453125,Maybelline Fit Me Foundation
2025-01-12,7102.9345703125,Maybelline Fit Me Foundation
2025-01-13,7102.935546875,Maybelline Fit Me Foundation
2025-01-14,7102.93603515625,Maybelline Fit Me Foundation
2025-01-15,7102.935546875,Maybelline Fit Me Foundation
2025-01-16,7102.9365234375,Maybelline Fit Me Foundation
2025-01-17,7102.93603515625,Maybelline Fit Me Foundation
2025-01-18,7102.93603515625,Maybelline Fit Me Foundation
2025-01-19,7102.93603515625,Maybelline Fit Me Foundation
2025-01-20,7102.93603515625,Maybelline Fit Me Foundation
2025-01-21,7102.93603515625,Maybelline Fit Me Foundation
2025-01-22,7102.93603515625,Maybelline Fit Me Foundation
2025-01-23,7102.93603515625,Maybelline Fit Me Foundation
2025-01-24,7102.93603515625,Maybelline Fit Me Foundation
2025-01-25,7102.93603515625,Maybelline Fit Me Foundation
2025-01-26,7102.93603515625,Maybelline Fit Me Foundation
2025-01-27,7102.93603515625,Maybelline Fit Me Foundation
2025-01-01,3656.90673828125,Monster Ultra Paradise
2025-01-02,3782.410888671875,Monster Ultra Paradise
2025-01-03,3948.248291015625,Monster Ultra Paradise
2025-01-04,4117.8662109375,Monster Ultra Paradise
2025-01-05,4972.1435546875,Monster Ultra Paradise
2025-01-06,4984.0849609375,Monster Ultra Paradise
2025-01-07,4985.57568359375,Monster Ultra Paradise
2025-01-08,4982.029296875,Monster Ultra Paradise
2025-01-09,4979.74462890625,Monster Ultra Paradise
2025-01-10,4976.71533203125,Monster Ultra Paradise
2025-01-11,4973.6083984375,Monster Ultra Paradise
2025-01-12,4970.14404296875,Monster Ultra Paradise
2025-01-13,4970.0537109375,Monster Ultra Paradise
2025-01-14,4970.04541015625,Monster Ultra Paradise
2025-01-15,4970.07275390625,Monster Ultra Paradise
2025-01-16,4970.10205078125,Monster Ultra Paradise
2025-01-17,4970.13232421875,Monster Ultra Paradise
2025-01-18,4970.15625,Monster Ultra Paradise
2025-01-19,4970.17041015625,Monster Ultra Paradise
2025-01-20,4970.1708984375,Monster Ultra Paradise
2025-01-21,4970.1708984375,Monster Ultra Paradise
2025-01-22,4970.17041015625,Monster Ultra Paradise
2025-01-23,4970.17041015625,Monster Ultra Paradise
2025-01-24,4970.17041015625,Monster Ultra Paradise
2025-01-25,4970.16943359375,Monster Ultra Paradise
2025-01-26,4970.16943359375,Monster Ultra Paradise
2025-01-27,4970.16943359375,Monster Ultra Paradise
2025-01-28,4970.16943359375,Monster Ultra Paradise
2025-01-29,4970.17041015625,Monster Ultra Paradise
2025-01-30,4970.17041015625,Monster Ultra Paradise
2025-01-01,4870.382456119873,Nerf Elite Blaster
2025-01-02,-7263.438948480725,Nerf Elite Blaster
2025-01-03,1423.3194843980455,Nerf Elite Blaster
2025-01-04,-2077.700524208167,Nerf Elite Blaster
2025-01-05,-8135.543108160411,Nerf Elite Blaster
2025-01-06,12246.492562073629,Nerf Elite Blaster
2025-01-07,11725.262319390396,Nerf Elite Blaster
2025-01-08,5616.307036460967,Nerf Elite Blaster
2025-01-09,-5724.889839122103,Nerf Elite Blaster
2025-01-10,3714.031246805316,Nerf Elite Blaster
2025-01-11,899.7220142044935,Nerf Elite Blaster
2025-01-12,-4559.947968289984,Nerf Elite Blaster
2025-01-13,16311.277147008766,Nerf Elite Blaster
2025-01-14,16153.105683994727,Nerf Elite Blaster
2025-01-15,10267.782443581229,Nerf Elite Blaster
2025-01-16,-998.219551227683,Nerf Elite Blaster
2025-01-17,8363.03509589342,Nerf Elite Blaster
2025-01-18,5318.517572054869,Nerf Elite Blaster
2025-01-19,-518.8305636875575,Nerf Elite Blaster
2025-01-20,19836.93093562082,Nerf Elite Blaster
2025-01-21,19039.522187609644,Nerf Elite Blaster
2025-01-22,12409.105933351397,Nerf Elite Blaster
2025-01-23,313.43475489306365,Nerf Elite Blaster
2025-01-24,8784.434265019721,Nerf Elite Blaster
2025-01-25,4815.039352327971,Nerf Elite Blaster
2025-01-26,-1954.6716478299568,Nerf Elite Blaster
2025-01-27,17488.712726738642,Nerf Elite Blaster
2025-01-28,15825.867660711632,Nerf Elite Blaster
2025-01-29,8402.558992858481,Nerf Elite Blaster
2025-01-30,-4390.004297844514,Nerf Elite Blaster
2025-01-01,5879.044921875,New Balance 574
2025-01-02,5829.3466796875,New Balance 574
2025-01-03,5792.10205078125,New Balance 574
2025-01-04,5766.9794921875,New Balance 574
2025-01-05,5749.13427734375,New Balance 574
2025-01-06,5743.51171875,New Balance 574
2025-01-07,5737.96923828125,New Balance 574
2025-01-08,5736.2099609375,New Balance 574
2025-01-09,5737.52685546875,New Balance 574
2025-01-10,5738.28955078125,New Balance 574
2025-01-11,5738.677734375,New Balance 574
2025-01-12,5738.83203125,New Balance 574
2025-01-13,5738.8818359375,New Balance 574
2025-01-14,5738.8798828125,New Balance 574
2025-01-15,5738.85546875,New Balance 574
2025-01-16,5738.8369140625,New Balance 574
2025-01-17,5738.828125,New Balance 574
2025-01-18,5738.82666015625,New Balance 574
2025-01-19,5738.82666015625,New Balance 574
2025-01-20,5738.8271484375,New Balance 574
2025-01-21,5738.82763671875,New Balance 574
2025-01-22,5738.82763671875,New Balance 574
2025-01-23,5738.828125,New Balance 574
2025-01-24,5738.828125,New Balance 574
2025-01-25,5738.828125,New Balance 574
2025-01-26,5738.828125,New Balance 574
2025-01-27,5738.828125,New Balance 574
2025-01-28,5738.82763671875,New Balance 574
2025-01-29,5738.82763671875,New Balance 574
2025-01-30,5738.82763671875,New Balance 574
2024-12-29,6334.15234375,Nike Air Force 1
2024-12-30,6361.72021484375,Nike Air Force 1
2024-12-31,6379.16162109375,Nike Air Force 1
2025-01-01,6399.1787109375,Nike Air Force 1
2025-01-02,6429.59326171875,Nike Air Force 1
2025-01-03,6458.779296875,Nike Air Force 1
2025-01-04,6453.95068359375,Nike Air Force 1
2025-01-05,6450.1298828125,Nike Air Force 1
2025-01-06,6450.09765625,Nike Air Force 1
2025-01-07,6450.12353515625,Nike Air Force 1
2025-01-08,6450.181640625,Nike Air Force 1
2025-01-09,6450.201171875,Nike Air Force 1
2025-01-10,6450.20263671875,Nike Air Force 1
2025-01-11,6450.19970703125,Nike Air Force 1
2025-01-12,6450.1982421875,Nike Air Force 1
2025-01-13,6450.19873046875,Nike Air Force 1
2025-01-14,6450.19921875,Nike Air Force 1
2025-01-15,6450.19775390625,Nike Air Force 1
2025-01-16,6450.1982421875,Nike Air Force 1
2025-01-17,6450.1982421875,Nike Air Force 1
2025-01-18,6450.1982421875,Nike Air Force 1
2025-01-19,6450.1982421875,Nike Air Force 1
2025-01-20,6450.1982421875,Nike Air Force 1
2025-01-21,6450.1982421875,Nike Air Force 1
2025-01-22,6450.1982421875,Nike Air Force 1
2025-01-23,6450.1982421875,Nike Air Force 1
2025-01-24,6450.1982421875,Nike Air Force 1
2025-01-25,6450.1982421875,Nike Air Force 1
2025-01-26,6450.1982421875,Nike Air Force 1
2025-01-27,6450.1982421875,Nike Air Force 1
2024-12-31,8118.191204191664,Nike Air Zoom Pegasus
2025-01-01,2996.1670110316045,Nike Air Zoom Pegasus
2025-01-02,2526.003059332161,Nike Air Zoom Pegasus
2025-01-03,-630.6578771360028,Nike Air Zoom Pegasus
2025-01-04,-1202.3366802896626,Nike Air Zoom Pegasus
2025-01-05,15363.328965461209,Nike Air Zoom Pegasus
2025-01-06,2749.2694776663366,Nike Air Zoom Pegasus
2025-01-07,10474.637135657222,Nike Air Zoom Pegasus
2025-01-08,5181.563653823813,Nike Air Zoom Pegasus
2025-01-09,4484.1997793138,Nike Air Zoom Pegasus
2025-01-10,1051.032566237216,Nike Air Zoom Pegasus
2025-01-11,161.72503511917057,Nike Air Zoom Pegasus
2025-01-12,16377.913322264714,Nike Air Zoom Pegasus
2025-01-13,3392.6123945510144,Nike Air Zoom Pegasus
2025-01-14,10735.569351987779,Nike Air Zoom Pegasus
2025-01-15,5059.708079849636,Nike Air Zoom Pegasus
2025-01-16,3989.852591772061,Nike Air Zoom Pegasus
2025-01-17,204.73390969136744,Nike Air Zoom Pegasus
2025-01-18,-1006.4658166379677,Nike Air Zoom Pegasus
2025-01-19,14926.41168688086,Nike Air Zoom Pegasus
2025-01-20,1703.6655910735903,Nike Air Zoom Pegasus
2025-01-21,8860.886429415295,Nike Air Zoom Pegasus
2025-01-22,3055.2417772390572,Nike Air Zoom Pegasus
2025-01-23,1914.088949973495,Nike Air Zoom Pegasus
2025-01-24,-1883.0773981887996,Nike Air Zoom Pegasus
2025-01-25,-3048.087547949678,Nike Air Zoom Pegasus
2025-01-26,12986.474742173577,Nike Air Zoom Pegasus
2025-01-27,-83.46526384579647,Nike Air Zoom Pegasus
2025-01-28,7271.823086910477,Nike Air Zoom Pegasus
2025-01-29,1702.3510790937657,Nike Air Zoom Pegasus
2025-01-01,5555.3515625,Oreo Chocolate Biscuits
2025-01-02,5501.72314453125,Oreo Chocolate Biscuits
2025-01-03,5466.7265625,Oreo Chocolate Biscuits
2025-01-04,5445.5166015625,Oreo Chocolate Biscuits
2025-01-05,5432.99951171875,Oreo Chocolate Biscuits
2025-01-06,5425.5400390625,Oreo Chocolate Biscuits
2025-01-07,5422.37451171875,Oreo Chocolate Biscuits
2025-01-08,5421.9443359375,Oreo Chocolate Biscuits
2025-01-09,5422.55322265625,Oreo Chocolate Biscuits
2025-01-10,5422.85888671875,Oreo Chocolate Biscuits
2025-01-11,5423.00048828125,Oreo Chocolate Biscuits
2025-01-12,5423.0576171875,Oreo Chocolate Biscuits
2025-01-13,5423.0732421875,Oreo Chocolate Biscuits
2025-01-14,5423.07177734375,Oreo Chocolate Biscuits
2025-01-15,5423.06640625,Oreo Chocolate Biscuits
2025-01-16,5423.0634765625,Oreo Chocolate Biscuits
2025-01-17,5423.0615234375,Oreo Chocolate Biscuits
2025-01-18,5423.0615234375,Oreo Chocolate Biscuits
2025-01-19,5423.0615234375,Oreo Chocolate Biscuits
2025-01-20,5423.0615234375,Oreo Chocolate Biscuits
2025-01-21,5423.0615234375,Oreo Chocolate Biscuits
2025-01-22,5423.0615234375,Oreo Chocolate Biscuits
2025-01-23,5423.0615234375,Oreo Chocolate Biscuits
2025-01-24,5423.0615234375,Oreo Chocolate Biscuits
2025-01-25,5423.0615234375,Oreo Chocolate Biscuits
2025-01-26,5423.0615234375,Oreo Chocolate Biscuits
2025-01-27,5423.0615234375,Oreo Chocolate Biscuits
2025-01-28,5423.0615234375,Oreo Chocolate Biscuits
2025-01-29,5423.0615234375,Oreo Chocolate Biscuits
2025-01-30,5423.0615234375,Oreo Chocolate Biscuits
2025-01-01,6550.9366838594415,Pepsi Max
2025-01-02,6603.862200354364,Pepsi Max
2025-01-03,7884.544692440104,Pepsi Max
2025-01-04,3705.179768660051,Pepsi Max
2025-01-05,3514.452879660604,Pepsi Max
2025-01-06,6978.878051288074,Pepsi Max
2025-01-07,2595.9057541046723,Pepsi Max
2025-01-08,4469.799859410623,Pepsi Max
2025-01-09,4455.818983499771,Pepsi Max
2025-01-10,5683.350418420176,Pepsi Max
2025-01-11,1468.7630810028793,Pepsi Max
2025-01-12,1264.9586412065262,Pepsi Max
2025-01-13,4742.547647372574,Pepsi Max
2025-01-14,402.7907808907503,Pepsi Max
2025-01-15,2353.3106746181647,Pepsi Max
2025-01-16,2452.1151449693925,Pepsi Max
2025-01-17,3830.5854742964593,Pepsi Max
2025-01-18,-193.79866571489174,Pepsi Max
2025-01-19,-168.01377352468535,Pepsi Max
2025-01-20,3577.6043782317965,Pepsi Max
2025-01-21,-457.7473855515668,Pepsi Max
2025-01-22,1830.3551833769097,Pepsi Max
2025-01-23,2295.60399222204,Pepsi Max
2025-01-24,4063.998495284909,Pepsi Max
2025-01-25,446.6563964421043,Pepsi Max
2025-01-26,889.377574562277,Pepsi Max
2025-01-27,5053.889690550547,Pepsi Max
2025-01-28,1430.9155623916392,Pepsi Max
2025-01-29,4116.065983746619,Pepsi Max
2025-01-30,4954.0953833780095,Pepsi Max
2025-01-01,5594.3232421875,Puma Running Shorts
2025-01-02,5631.38525390625,Puma Running Shorts
2025-01-03,5748.5009765625,Puma Running Shorts
2025-01-04,5728.1240234375,Puma Running Shorts
2025-01-05,5715.49267578125,Puma Running Shorts
2025-01-06,5801.19091796875,Puma Running Shorts
2025-01-07,5775.3720703125,Puma Running Shorts
2025-01-08,5775.7392578125,Puma Running Shorts
2025-01-09,5773.921875,Puma Running Shorts
2025-01-10,5772.623046875,Puma Running Shorts
2025-01-11,5772.28125,Puma Running Shorts
2025-01-12,5771.91064453125,Puma Running Shorts
2025-01-13,5771.64794921875,Puma Running Shorts
2025-01-14,5771.87451171875,Puma Running Shorts
2025-01-15,5771.9169921875,Puma Running Shorts
2025-01-16,5771.95068359375,Puma Running Shorts
2025-01-17,5771.9658203125,Puma Running Shorts
2025-01-18,5771.970703125,Puma Running Shorts
2025-01-19,5771.97119140625,Puma Running Shorts
2025-01-20,5771.9697265625,Puma Running Shorts
2025-01-21,5771.9658203125,Puma Running Shorts
2025-01-22,5771.9658203125,Puma Running Shorts
2025-01-23,5771.96533203125,Puma Running Shorts
2025-01-24,5771.96533203125,Puma Running Shorts
2025-01-25,5771.96533203125,Puma Running Shorts
2025-01-26,5771.96533203125,Puma Running Shorts
2025-01-27,5771.96533203125,Puma Running Shorts
2025-01-28,5771.96533203125,Puma Running Shorts
2025-01-29,5771.96533203125,Puma Running Shorts
2025-01-30,5771.96533203125,Puma Running Shorts
2024-12-30,14981.216219972684,Puma Suede Classic
2024-12-31,7780.1213342597175,Puma Suede Classic
2025-01-01,4222.548587151861,Puma Suede Classic
2025-01-02,7089.9861690322405,Puma Suede Classic
2025-01-03,10475.613752863948,Puma Suede Classic
2025-01-04,16439.905210803146,Puma Suede Classic
2025-01-05,7324.53991329126,Puma Suede Classic
2025-01-06,15055.639604755204,Puma Suede Classic
2025-01-07,7037.3372440253825,Puma Suede Classic
2025-01-08,2719.556487559348,Puma Suede Classic
2025-01-09,4907.573001190107,Puma Suede Classic
2025-01-10,7715.657456539916,Puma Suede Classic
2025-01-11,13222.03432137012,Puma Suede Classic
2025-01-12,3782.25483134591,Puma Suede Classic
2025-01-13,11332.017639500504,Puma Suede Classic
2025-01-14,3280.456245318728,Puma Suede Classic
2025-01-15,-922.2195896896792,Puma Suede Classic
2025-01-16,1524.8468273394865,Puma Suede Classic
2025-01-17,4726.958408518151,Puma Suede Classic
2025-01-18,10749.121247652589,Puma Suede Classic
2025-01-19,1929.848186363999,Puma Suede Classic
2025-01-20,10184.5289072395,Puma Suede Classic
2025-01-21,2899.3683839862515,Puma Suede Classic
2025-01-22,-500.2395392186572,Puma Suede Classic
2025-01-23,2760.648857960585,Puma Suede Classic
2025-01-24,6761.150177128269,Puma Suede Classic
2025-01-25,13540.642112192127,Puma Suede Classic
2025-01-26,5413.3796943913185,Puma Suede Classic
2025-01-27,14272.633949016126,Puma Suede Classic
2025-01-28,7485.330602402588,Puma Suede Classic
2024-12-28,1484.0291748046875,Quaker Oats 1kg
2024-12-29,1329.1951904296875,Quaker Oats 1kg
2024-12-30,1260.2908935546875,Quaker Oats 1kg
2024-12-31,1269.40478515625,Quaker Oats 1kg
2025-01-01,1371.0020751953125,Quaker Oats 1kg
2025-01-02,2858.997314453125,Quaker Oats 1kg
2025-01-03,2901.128662109375,Quaker Oats 1kg
2025-01-04,2929.787841796875,Quaker Oats 1kg
2025-01-05,2948.226806640625,Quaker Oats 1kg
2025-01-06,2960.268310546875,Quaker Oats 1kg
2025-01-07,2967.899169921875,Quaker Oats 1kg
2025-01-08,2972.516845703125,Quaker Oats 1kg
2025-01-09,2975.0859375,Quaker Oats 1kg
2025-01-10,2975.170166015625,Quaker Oats 1kg
2025-01-11,2975.180908203125,Quaker Oats 1kg
2025-01-12,2975.165283203125,Quaker Oats 1kg
2025-01-13,2975.143798828125,Quaker Oats 1kg
2025-01-14,2975.126220703125,Quaker Oats 1kg
2025-01-15,2975.114990234375,Quaker Oats 1kg
2025-01-16,2975.110107421875,Quaker Oats 1kg
2025-01-17,2975.10986328125,Quaker Oats 1kg
2025-01-18,2975.109375,Quaker Oats 1kg
2025-01-19,2975.109375,Quaker Oats 1kg
2025-01-20,2975.109375,Quaker Oats 1kg
2025-01-21,2975.109375,Quaker Oats 1kg
2025-01-22,2975.109375,Quaker Oats 1kg
2025-01-23,2975.109375,Quaker Oats 1kg
2025-01-24,2975.109375,Quaker Oats 1kg
2025-01-25,2975.109375,Quaker Oats 1kg
2025-01-26,2975.109375,Quaker Oats 1kg
2024-12-29,4854.47119140625,Red Bull Energy Drink
2024-12-30,4878.61083984375,Red Bull Energy Drink
2024-12-31,4917.1328125,Red Bull Energy Drink
2025-01-01,4938.2353515625,Red Bull Energy Drink
2025-01-02,4967.6171875,Red Bull Energy Drink
2025-01-03,5003.435546875,Red Bull Energy Drink
2025-01-04,5023.1884765625,Red Bull Energy Drink
2025-01-05,5037.68359375,Red Bull Energy Drink
2025-01-06,5039.16796875,Red Bull Energy Drink
2025-01-07,5040.4658203125,Red Bull Energy Drink
2025-01-08,5041.45751953125,Red Bull Energy Drink
2025-01-09,5042.2392578125,Red Bull Energy Drink
2025-01-10,5042.7685546875,Red Bull Energy Drink
2025-01-11,5043.0439453125,Red Bull Energy Drink
2025-01-12,5043.17724609375,Red Bull Energy Drink
2025-01-13,5043.21923828125,Red Bull Energy Drink
2025-01-14,5043.25048828125,Red Bull Energy Drink
2025-01-15,5043.271484375,Red Bull Energy Drink
2025-01-16,5043.28466796875,Red Bull Energy Drink
2025-01-17,5043.2919921875,Red Bull Energy Drink
2025-01-18,5043.29541015625,Red Bull Energy Drink
2025-01-19,5043.2978515625,Red Bull Energy Drink
2025-01-20,5043.29833984375,Red Bull Energy Drink
2025-01-21,5043.298828125,Red Bull Energy Drink
2025-01-22,5043.29931640625,Red Bull Energy Drink
2025-01-23,5043.2998046875,Red Bull Energy Drink
2025-01-24,5043.2998046875,Red Bull Energy Drink
2025-01-25,5043.29931640625,Red Bull Energy Drink
2025-01-26,5043.29931640625,Red Bull Energy Drink
2025-01-27,5043.29931640625,Red Bull Energy Drink
2024-12-25,1267.1554738560208,Revlon Compact Powder
2024-12-26,1094.5465699312426,Revlon Compact Powder
2024-12-27,3157.0920486133177,Revlon Compact Powder
2024-12-28,3513.3625711865498,Revlon Compact Powder
2024-12-29,7739.29849440989,Revlon Compact Powder
2024-12-30,-498.14656051816564,Revlon Compact Powder
2024-12-31,1266.4370782230258,Revlon Compact Powder
2025-01-01,595.5872344584618,Revlon Compact Powder
2025-01-02,327.64306456899294,Revlon Compact Powder
2025-01-03,2325.2371596483463,Revlon Compact Powder
2025-01-04,2651.3695196286485,Revlon Compact Powder
2025-01-05,6885.26759785459,Revlon Compact Powder
2025-01-06,-1304.1443355645342,Revlon Compact Powder
2025-01-07,549.0657264336592,Revlon Compact Powder
2025-01-08,6.425944846569564,Revlon Compact Powder
2025-01-09,-96.29737465511789,Revlon Compact Powder
2025-01-10,2099.4162395969006,Revlon Compact Powder
2025-01-11,2650.995222783247,Revlon Compact Powder
2025-01-12,7130.77066399218,Revlon Compact Powder
2025-01-13,-800.3678219889957,Revlon Compact Powder
2025-01-14,1314.5724195231592,Revlon Compact Powder
2025-01-15,1027.549707813468,Revlon Compact Powder
2025-01-16,1164.4368495857907,Revlon Compact Powder
2025-01-17,3573.867339095017,Revlon Compact Powder
2025-01-18,4303.7323923227805,Revlon Compact Powder
2025-01-19,8917.52094235433,Revlon Compact Powder
2025-01-20,1068.31153482862,Revlon Compact Powder
2025-01-21,3206.6322337439874,Revlon Compact Powder
2025-01-22,2879.6070153943137,Revlon Compact Powder
2025-01-23,2910.146468996173,Revlon Compact Powder
2024-12-23,14516.49908326759,Rubik’s Cube
2024-12-24,20887.651545871548,Rubik’s Cube
2024-12-25,14667.331322963411,Rubik’s Cube
2024-12-26,11505.156191174534,Rubik’s Cube
2024-12-27,11845.464690808318,Rubik’s Cube
2024-12-28,10118.73429623263,Rubik’s Cube
2024-12-29,18877.020094903608,Rubik’s Cube
2024-12-30,7972.974745353473,Rubik’s Cube
2024-12-31,14189.64874306645,Rubik’s Cube
2025-01-01,7973.775900366736,Rubik’s Cube
2025-01-02,4969.181056612609,Rubik’s Cube
2025-01-03,5610.532832853581,Rubik’s Cube
2025-01-04,4315.094677051639,Rubik’s Cube
2025-01-05,13618.589904067156,Rubik’s Cube
2025-01-06,3354.7284920933917,Rubik’s Cube
2025-01-07,10285.579513346342,Rubik’s Cube
2025-01-08,4835.477263243099,Rubik’s Cube
2025-01-09,2625.0800633241115,Rubik’s Cube
2025-01-10,4065.785838826532,Rubik’s Cube
2025-01-11,3552.1388656414965,Rubik’s Cube
2025-01-12,13598.324943303322,Rubik’s Cube
2025-01-13,4018.2852323987217,Rubik’s Cube
2025-01-14,11556.616523811022,Rubik’s Cube
2025-01-15,6622.9317561559465,Rubik’s Cube
2025-01-16,4826.287757403921,Rubik’s Cube
2025-01-17,6569.874881549922,Rubik’s Cube
2025-01-18,6243.596320477118,Rubik’s Cube
2025-01-19,16360.630707508022,Rubik’s Cube
2025-01-20,6737.50765888256,Rubik’s Cube
2025-01-21,14124.866466819361,Rubik’s Cube
2024-12-30,17670.613631574543,Samsung Galaxy S23
2024-12-31,15725.96600904962,Samsung Galaxy S23
2025-01-01,23727.13320973862,Samsung Galaxy S23
2025-01-02,26507.477079450815,Samsung Galaxy S23
2025-01-03,18916.63394498208,Samsung Galaxy S23
2025-01-04,30121.839427489984,Samsung Galaxy S23
2025-01-05,27571.870208347984,Samsung Galaxy S23
2025-01-06,29232.47328584282,Samsung Galaxy S23
2025-01-07,27450.92739298898,Samsung Galaxy S23
2025-01-08,35332.744955132126,Samsung Galaxy S23
2025-01-09,37715.90836272652,Samsung Galaxy S23
2025-01-10,29461.93514219666,Samsung Galaxy S23
2025-01-11,39756.89104192822,Samsung Galaxy S23
2025-01-12,36074.83652420898,Samsung Galaxy S23
2025-01-13,36412.590305800106,Samsung Galaxy S23
2025-01-14,33153.472312425125,Samsung Galaxy S23
2025-01-15,39443.05623339054,Samsung Galaxy S23
2025-01-16,40162.35077609265,Samsung Galaxy S23
2025-01-17,30217.732356493383,Samsung Galaxy S23
2025-01-18,38840.77845356974,Samsung Galaxy S23
2025-01-19,33550.51856687727,Samsung Galaxy S23
2025-01-20,32387.018246793567,Samsung Galaxy S23
2025-01-21,27773.989902191286,Samsung Galaxy S23
2025-01-22,32893.49057460403,Samsung Galaxy S23
2025-01-23,32658.153628784992,Samsung Galaxy S23
2025-01-24,22000.30204592378,Samsung Galaxy S23
2025-01-25,30171.113921916287,Samsung Galaxy S23
2025-01-26,24702.374344338194,Samsung Galaxy S23
2025-01-27,23639.74175221431,Samsung Galaxy S23
2025-01-28,19405.230196067383,Samsung Galaxy S23
2025-01-01,5615.658203125,Sauder Computer Desk
2025-01-02,5938.82666015625,Sauder Computer Desk
2025-01-03,6504.75,Sauder Computer Desk
2025-01-04,6929.80078125,Sauder Computer Desk
2025-01-05,7496.4697265625,Sauder Computer Desk
2025-01-06,7926.6474609375,Sauder Computer Desk
2025-01-07,8242.279296875,Sauder Computer Desk
2025-01-08,10129.5576171875,Sauder Computer Desk
2025-01-09,9959.3681640625,Sauder Computer Desk
2025-01-10,9833.87109375,Sauder Computer Desk
2025-01-11,9745.7216796875,Sauder Computer Desk
2025-01-12,9686.1279296875,Sauder Computer Desk
2025-01-13,9646.7919921875,Sauder Computer Desk
2025-01-14,9620.62890625,Sauder Computer Desk
2025-01-15,9603.8271484375,Sauder Computer Desk
2025-01-16,9617.1865234375,Sauder Computer Desk
2025-01-17,9625.0498046875,Sauder Computer Desk
2025-01-18,9629.3193359375,Sauder Computer Desk
2025-01-19,9631.353515625,Sauder Computer Desk
2025-01-20,9632.1142578125,Sauder Computer Desk
2025-01-21,9632.0966796875,Sauder Computer Desk
2025-01-22,9631.6875,Sauder Computer Desk
2025-01-23,9631.0986328125,Sauder Computer Desk
2025-01-24,9630.83984375,Sauder Computer Desk
2025-01-25,9630.7529296875,Sauder Computer Desk
2025-01-26,9630.7490234375,Sauder Computer Desk
2025-01-27,9630.775390625,Sauder Computer Desk
2025-01-28,9630.8076171875,Sauder Computer Desk
2025-01-29,9630.8349609375,Sauder Computer Desk
2025-01-30,9630.849609375,Sauder Computer Desk
2024-12-29,4548.610757581381,Skechers Go Walk 6
2024-12-30,905.200088333524,Skechers Go Walk 6
2024-12-31,262.818571271715,Skechers Go Walk 6
2025-01-01,1822.4314835409682,Skechers Go Walk 6
2025-01-02,388.36202253281317,Skechers Go Walk 6
2025-01-03,922.5154821371852,Skechers Go Walk 6
2025-01-04,14028.99381165809,Skechers Go Walk 6
2025-01-05,7542.763877946568,Skechers Go Walk 6
2025-01-06,4187.882569429502,Skechers Go Walk 6
2025-01-07,3765.605075713061,Skechers Go Walk 6
2025-01-08,5478.412081782329,Skechers Go Walk 6
2025-01-09,4133.650585649884,Skechers Go Walk 6
2025-01-10,4697.53908116641,Skechers Go Walk 6
2025-01-11,17779.53294868098,Skechers Go Walk 6
2025-01-12,11220.722863734676,Skechers Go Walk 6
2025-01-13,7751.779314991842,Skechers Go Walk 6
2025-01-14,7180.779647174071,Skechers Go Walk 6
2025-01-15,8716.96324716937,Skechers Go Walk 6
2025-01-16,7174.118933774708,Skechers Go Walk 6
2025-01-17,7524.363815759464,Skechers Go Walk 6
2025-01-18,20382.31687916797,Skechers Go Walk 6
2025-01-19,13593.34619411462,Skechers Go Walk 6
2025-01-20,9891.40738273377,Skechers Go Walk 6
2025-01-21,9086.812646695262,Skechers Go Walk 6
2025-01-22,10389.977104903126,Skechers Go Walk 6
2025-01-23,8614.845857025202,Skechers Go Walk 6
2025-01-24,8732.758652330649,Skechers Go Walk 6
2025-01-25,21356.751386365395,Skechers Go Walk 6
2025-01-26,14329.967773716566,Skechers Go Walk 6
2025-01-27,10383.691984170327,Skechers Go Walk 6
2024-12-31,16689.203125,Sony WH-1000XM5 Headphones
2025-01-01,16712.357421875,Sony WH-1000XM5 Headphones
2025-01-02,16804.021484375,Sony WH-1000XM5 Headphones
2025-01-03,16840.6953125,Sony WH-1000XM5 Headphones
2025-01-04,16740.341796875,Sony WH-1000XM5 Headphones
2025-01-05,16517.98046875,Sony WH-1000XM5 Headphones
2025-01-06,16598.8046875,Sony WH-1000XM5 Headphones
2025-01-07,16537.21875,Sony WH-1000XM5 Headphones
2025-01-08,16536.685546875,Sony WH-1000XM5 Headphones
2025-01-09,16535.40625,Sony WH-1000XM5 Headphones
2025-01-10,16533.6875,Sony WH-1000XM5 Headphones
2025-01-11,16531.748046875,Sony WH-1000XM5 Headphones
2025-01-12,16530.408203125,Sony WH-1000XM5 Headphones
2025-01-13,16530.490234375,Sony WH-1000XM5 Headphones
2025-01-14,16530.0546875,Sony WH-1000XM5 Headphones
2025-01-15,16530.009765625,Sony WH-1000XM5 Headphones
2025-01-16,16529.966796875,Sony WH-1000XM5 Headphones
2025-01-17,16529.931640625,Sony WH-1000XM5 Headphones
2025-01-18,16529.908203125,Sony WH-1000XM5 Headphones
2025-01-19,16529.896484375,Sony WH-1000XM5 Headphones
2025-01-20,16529.892578125,Sony WH-1000XM5 Headphones
2025-01-21,16529.888671875,Sony WH-1000XM5 Headphones
2025-01-22,16529.888671875,Sony WH-1000XM5 Headphones
2025-01-23,16529.888671875,Sony WH-1000XM5 Headphones
2025-01-24,16529.888671875,Sony WH-1000XM5 Headphones
2025-01-25,16529.888671875,Sony WH-1000XM5 Headphones
2025-01-26,16529.888671875,Sony WH-1000XM5 Headphones
2025-01-27,16529.888671875,Sony WH-1000XM5 Headphones
2025-01-28,16529.888671875,Sony WH-1000XM5 Headphones
2025-01-29,16529.88671875,Sony WH-1000XM5 Headphones
2024-12-29,4047.28466796875,Sprite Lemon-Lime
2024-12-30,4273.544921875,Sprite Lemon-Lime
2024-12-31,4348.75341796875,Sprite Lemon-Lime
2025-01-01,4388.78515625,Sprite Lemon-Lime
2025-01-02,4410.58154296875,Sprite Lemon-Lime
2025-01-03,4423.24853515625,Sprite Lemon-Lime
2025-01-04,4424.40673828125,Sprite Lemon-Lime
2025-01-05,4420.08837890625,Sprite Lemon-Lime
2025-01-06,4418.69677734375,Sprite Lemon-Lime
2025-01-07,4417.9375,Sprite Lemon-Lime
2025-01-08,4417.55419921875,Sprite Lemon-Lime
2025-01-09,4417.4091796875,Sprite Lemon-Lime
2025-01-10,4417.3720703125,Sprite Lemon-Lime
2025-01-11,4417.40771484375,Sprite Lemon-Lime
2025-01-12,4417.4501953125,Sprite Lemon-Lime
2025-01-13,4417.4677734375,Sprite Lemon-Lime
2025-01-14,4417.4765625,Sprite Lemon-Lime
2025-01-15,4417.47998046875,Sprite Lemon-Lime
2025-01-16,4417.48046875,Sprite Lemon-Lime
2025-01-17,4417.4794921875,Sprite Lemon-Lime
2025-01-18,4417.47998046875,Sprite Lemon-Lime
2025-01-19,4417.47900390625,Sprite Lemon-Lime
2025-01-20,4417.478515625,Sprite Lemon-Lime
2025-01-21,4417.478515625,Sprite Lemon-Lime
2025-01-22,4417.478515625,Sprite Lemon-Lime
2025-01-23,4417.478515625,Sprite Lemon-Lime
2025-01-24,4417.478515625,Sprite Lemon-Lime
2025-01-25,4417.478515625,Sprite Lemon-Lime
2025-01-26,4417.478515625,Sprite Lemon-Lime
2025-01-27,4417.478515625,Sprite Lemon-Lime
2024-12-31,3030.079345703125,Tropicana Orange Juice
2025-01-01,3048.227783203125,Tropicana Orange Juice
2025-01-02,3061.808349609375,Tropicana Orange Juice
2025-01-03,3033.8466796875,Tropicana Orange Juice
2025-01-04,3049.50634765625,Tropicana Orange Juice
2025-01-05,3048.779541015625,Tropicana Orange Juice
2025-01-06,3049.20654296875,Tropicana Orange Juice
2025-01-07,3064.03662109375,Tropicana Orange Juice
2025-01-08,3065.08544921875,Tropicana Orange Juice
2025-01-09,3065.796875,Tropicana Orange Juice
2025-01-10,3066.27197265625,Tropicana Orange Juice
2025-01-11,3066.738037109375,Tropicana Orange Juice
2025-01-12,3067.019775390625,Tropicana Orange Juice
2025-01-13,3067.231201171875,Tropicana Orange Juice
2025-01-14,3067.38525390625,Tropicana Orange Juice
2025-01-15,3067.438720703125,Tropicana Orange Juice
2025-01-16,3067.47412109375,Tropicana Orange Juice
2025-01-17,3067.49755859375,Tropicana Orange Juice
2025-01-18,3067.51318359375,Tropicana Orange Juice
2025-01-19,3067.522705078125,Tropicana Orange Juice
2025-01-20,3067.5283203125,Tropicana Orange Juice
2025-01-21,3067.531982421875,Tropicana Orange Juice
2025-01-22,3067.5341796875,Tropicana Orange Juice
2025-01-23,3067.53515625,Tropicana Orange Juice
2025-01-24,3067.535888671875,Tropicana Orange Juice
2025-01-25,3067.536376953125,Tropicana Orange Juice
2025-01-26,3067.53662109375,Tropicana Orange Juice
2025-01-27,3067.53662109375,Tropicana Orange Juice
2025-01-28,3067.53662109375,Tropicana Orange Juice
2025-01-29,3067.537109375,Tropicana Orange Juice
2024-12-28,6772.04638671875,UNO Card Game
2024-12-29,6818.91943359375,UNO Card Game
2024-12-30,6853.669921875,UNO Card Game
2024-12-31,6871.22998046875,UNO Card Game
2025-01-01,6879.7353515625,UNO Card Game
2025-01-02,6884.0537109375,UNO Card Game
2025-01-03,6945.98828125,UNO Card Game
2025-01-04,6926.69482421875,UNO Card Game
2025-01-05,6926.0068359375,UNO Card Game
2025-01-06,6925.54736328125,UNO Card Game
2025-01-07,6925.25634765625,UNO Card Game
2025-01-08,6925.0625,UNO Card Game
2025-01-09,6924.9267578125,UNO Card Game
2025-01-10,6924.83154296875,UNO Card Game
2025-01-11,6924.89404296875,UNO Card Game
2025-01-12,6924.900390625,UNO Card Game
2025-01-13,6924.904296875,UNO Card Game
2025-01-14,6924.90576171875,UNO Card Game
2025-01-15,6924.9072265625,UNO Card Game
2025-01-16,6924.90771484375,UNO Card Game
2025-01-17,6924.90771484375,UNO Card Game
2025-01-18,6924.90771484375,UNO Card Game
2025-01-19,6924.90771484375,UNO Card Game
2025-01-20,6924.90771484375,UNO Card Game
2025-01-21,6924.90771484375,UNO Card Game
2025-01-22,6924.90771484375,UNO Card Game
2025-01-23,6924.90771484375,UNO Card Game
2025-01-24,6924.90771484375,UNO Card Game
2025-01-25,6924.90771484375,UNO Card Game
2025-01-26,6924.90771484375,UNO Card Game
2025-01-01,8023.7607421875,Under Armour T-Shirt
2025-01-02,7962.34521484375,Under Armour T-Shirt
2025-01-03,7918.8681640625,Under Armour T-Shirt
2025-01-04,7853.63720703125,Under Armour T-Shirt
2025-01-05,7797.291015625,Under Armour T-Shirt
2025-01-06,7778.44189453125,Under Armour T-Shirt
2025-01-07,7711.98486328125,Under Armour T-Shirt
2025-01-08,7663.24658203125,Under Armour T-Shirt
2025-01-09,7667.2294921875,Under Armour T-Shirt
2025-01-10,7670.5244140625,Under Armour T-Shirt
2025-01-11,7673.1611328125,Under Armour T-Shirt
2025-01-12,7675.00390625,Under Armour T-Shirt
2025-01-13,7676.158203125,Under Armour T-Shirt
2025-01-14,7677.02490234375,Under Armour T-Shirt
2025-01-15,7677.29296875,Under Armour T-Shirt
2025-01-16,7677.1484375,Under Armour T-Shirt
2025-01-17,7677.04736328125,Under Armour T-Shirt
2025-01-18,7676.98486328125,Under Armour T-Shirt
2025-01-19,7676.94970703125,Under Armour T-Shirt
2025-01-20,7676.93310546875,Under Armour T-Shirt
2025-01-21,7676.927734375,Under Armour T-Shirt
2025-01-22,7676.9287109375,Under Armour T-Shirt
2025-01-23,7676.9326171875,Under Armour T-Shirt
2025-01-24,7676.935546875,Under Armour T-Shirt
2025-01-25,7676.9365234375,Under Armour T-Shirt
2025-01-26,7676.9365234375,Under Armour T-Shirt
2025-01-27,7676.9365234375,Under Armour T-Shirt
2025-01-28,7676.9365234375,Under Armour T-Shirt
2025-01-29,7676.9365234375,Under Armour T-Shirt
2025-01-30,7676.9365234375,Under Armour T-Shirt
2024-12-31,7673.38427734375,Vans Old Skool
2025-01-01,7785.5537109375,Vans Old Skool
2025-01-02,7871.84228515625,Vans Old Skool
2025-01-03,7942.85546875,Vans Old Skool
2025-01-04,8005.025390625,Vans Old Skool
2025-01-05,8046.92236328125,Vans Old Skool
2025-01-06,8081.41455078125,Vans Old Skool
2025-01-07,8106.77685546875,Vans Old Skool
2025-01-08,8111.7734375,Vans Old Skool
2025-01-09,8115.138671875,Vans Old Skool
2025-01-10,8117.357421875,Vans Old Skool
2025-01-11,8118.75927734375,Vans Old Skool
2025-01-12,8119.63916015625,Vans Old Skool
2025-01-13,8120.197265625,Vans Old Skool
2025-01-14,8120.4892578125,Vans Old Skool
2025-01-15,8120.61328125,Vans Old Skool
2025-01-16,8120.68896484375,Vans Old Skool
2025-01-17,8120.734375,Vans Old Skool
2025-01-18,8120.7607421875,Vans Old Skool
2025-01-19,8120.77783203125,Vans Old Skool
2025-01-20,8120.78662109375,Vans Old Skool
2025-01-21,8120.7919921875,Vans Old Skool
2025-01-22,8120.79345703125,Vans Old Skool
2025-01-23,8120.7958984375,Vans Old Skool
2025-01-24,8120.79736328125,Vans Old Skool
2025-01-25,8120.79736328125,Vans Old Skool
2025-01-26,8120.79736328125,Vans Old Skool
2025-01-27,8120.79736328125,Vans Old Skool
2025-01-28,8120.79736328125,Vans Old Skool
2025-01-29,8120.79736328125,Vans Old Skool
2024-11-28,7358.81787109375,Wayfair Dining Set
2024-11-29,7509.73876953125,Wayfair Dining Set
2024-11-30,7630.34912109375,Wayfair Dining Set
2024-12-01,7704.005859375,Wayfair Dining Set
2024-12-02,7755.21240234375,Wayfair Dining Set
2024-12-03,7808.31103515625,Wayfair Dining Set
2024-12-04,7830.74072265625,Wayfair Dining Set
2024-12-05,7863.70654296875,Wayfair Dining Set
2024-12-06,7869.6513671875,Wayfair Dining Set
2024-12-07,7873.42919921875,Wayfair Dining Set
2024-12-08,7875.81884765625,Wayfair Dining Set
2024-12-09,7877.33447265625,Wayfair Dining Set
2024-12-10,7878.2900390625,Wayfair Dining Set
2024-12-11,7878.82470703125,Wayfair Dining Set
2024-12-12,7879.15185546875,Wayfair Dining Set
2024-12-13,7879.291015625,Wayfair Dining Set
2024-12-14,7879.3740234375,Wayfair Dining Set
2024-12-15,7879.4228515625,Wayfair Dining Set
2024-12-16,7879.453125,Wayfair Dining Set
2024-12-17,7879.46875,Wayfair Dining Set
2024-12-18,7879.47900390625,Wayfair Dining Set
2024-12-19,7879.48291015625,Wayfair Dining Set
2024-12-20,7879.48583984375,Wayfair Dining Set
2024-12-21,7879.4873046875,Wayfair Dining Set
2024-12-22,7879.48876953125,Wayfair Dining Set
2024-12-23,7879.48876953125,Wayfair Dining Set
2024-12-24,7879.490234375,Wayfair Dining Set
2024-12-25,7879.490234375,Wayfair Dining Set
2024-12-26,7879.490234375,Wayfair Dining Set
2024-12-27,7879.490234375,Wayfair Dining Set
2024-12-29,12126.7841796875,West Elm Coffee Table
2024-12-30,11731.8779296875,West Elm Coffee Table
2024-12-31,11442.4462890625,West Elm Coffee Table
2025-01-01,11258.044921875,West Elm Coffee Table
2025-01-02,11143.7080078125,West Elm Coffee Table
2025-01-03,11060.625,West Elm Coffee Table
2025-01-04,11002.69140625,West Elm Coffee Table
2025-01-05,10972.818359375,West Elm Coffee Table
2025-01-06,10993.5615234375,West Elm Coffee Table
2025-01-07,11004.6298828125,West Elm Coffee Table
2025-01-08,11010.1826171875,West Elm Coffee Table
2025-01-09,11012.642578125,West Elm Coffee Table
2025-01-10,11013.2900390625,West Elm Coffee Table
2025-01-11,11013.095703125,West Elm Coffee Table
2025-01-12,11012.630859375,West Elm Coffee Table
2025-01-13,11012.166015625,West Elm Coffee Table
2025-01-14,11011.994140625,West Elm Coffee Table
2025-01-15,11011.9560546875,West Elm Coffee Table
2025-01-16,11011.96875,West Elm Coffee Table
2025-01-17,11011.994140625,West Elm Coffee Table
2025-01-18,11012.0146484375,West Elm Coffee Table
2025-01-19,11012.02734375,West Elm Coffee Table
2025-01-20,11012.029296875,West Elm Coffee Table
2025-01-21,11012.029296875,West Elm Coffee Table
2025-01-22,11012.02734375,West Elm Coffee Table
2025-01-23,11012.02734375,West Elm Coffee Table
2025-01-24,11012.02734375,West Elm Coffee Table
2025-01-25,11012.0263671875,West Elm Coffee Table
2025-01-26,11012.0263671875,West Elm Coffee Table
2025-01-27,11012.02734375,West Elm Coffee Table
2024-12-06,11781.1953125,Zara Summer Dress
2024-12-07,11353.7373046875,Zara Summer Dress
2024-12-08,11151.001953125,Zara Summer Dress
2024-12-09,11107.46875,Zara Summer Dress
2024-12-10,11119.201171875,Zara Summer Dress
2024-12-11,11195.88671875,Zara Summer Dress
2024-12-12,11287.697265625,Zara Summer Dress
2024-12-13,11367.4853515625,Zara Summer Dress
2024-12-14,11354.9228515625,Zara Summer Dress
2024-12-15,11350.4794921875,Zara Summer Dress
2024-12-16,11350.27734375,Zara Summer Dress
2024-12-17,11351.7197265625,Zara Summer Dress
2024-12-18,11353.6376953125,Zara Summer Dress
2024-12-19,11354.96484375,Zara Summer Dress
2024-12-20,11355.4609375,Zara Summer Dress
2024-12-21,11355.2314453125,Zara Summer Dress
2024-12-22,11355.18359375,Zara Summer Dress
2024-12-23,11355.2041015625,Zara Summer Dress
2024-12-24,11355.2431640625,Zara Summer Dress
2024-12-25,11355.2724609375,Zara Summer Dress
2024-12-26,11355.2880859375,Zara Summer Dress
2024-12-27,11355.2880859375,Zara Summer Dress
2024-12-28,11355.28515625,Zara Summer Dress
2024-12-29,11355.28515625,Zara Summer Dress
2024-12-30,11355.2841796875,Zara Summer Dress
2024-12-31,11355.28515625,Zara Summer Dress
2025-01-01,11355.28515625,Zara Summer Dress
2025-01-02,11355.287109375,Zara Summer Dress
2025-01-03,11355.287109375,Zara Summer Dress
2025-01-04,11355.287109375,Zara Summer Dress
